Curries	"Pavilion 14-ce2500sa 14"" Intel® Core™ i3 Laptop - 256 GB SSD, Silver"	€539.00
Curries	"IdeaPad S340 14"" Intel® Core™ i3 Laptop - 128 GB SSD, Blue"	€479.00
Curries	"15s-fq1505na 15.6"" Laptop - Intel® Core™ i5, 256 GB, Silver"	€469.00
Curries	"Pavilion 14-ce3501sa 14"" Laptop - Intel® Core™ i5, 512 GB SSD, Silver"	€599.99
Curries	"Stream 14-cm0506sa 14"" Laptop - AMD A4, 64 GB eMMC, Silver"	€299.99
Curries	"15-da0511sa 15.6"" Laptop - Intel® Core™ i3, 1 TB HDD, Silver"	€429.00
Curries	"Stream 11-ak0502sa 11.6"" Laptop - Intel® Celeron™, 32 GB eMMC, White"	€239.99
Curries	"13.3"" MacBook Air with Retina Display (2019) - 128 GB SSD, Space Grey"	€1,179.00
Curries	"Inspiron 15 5593 15.6"" Laptop - Intel® Core™ i5, 512 GB SSD, Silver"	€699.99
Curries	"Stream 14-cm0508sa 14"" Laptop - AMD A4, 64 GB eMMC, Blue"	€299.99
Curries	"Pavilion 14-ce1511sa 14"" Intel® Core™ i5 Laptop - 512 GB SSD, Silver"	€659.00
Curries	"Stream 11-ak0501 11.6"" Laptop - Intel® Celeron™, 32 GB eMMC, Blue"	€239.99
Curries	IdeaPad S145-15IWL 15.6” Intel® Pentium® Gold Laptop - 128 GB SSD, Grey	€359.00
Curries	"IdeaPad C340 14"" 2 in 1 Laptop - Intel® Pentium™, 128 GB SSD, Blue"	€419.00
Curries	"13"" MacBook Pro with Touch Bar (2019) - 128 GB SSD, Space Grey"	€1,399.00
Curries	"Inspiron 15 3000 15.6"" Laptop - AMD Ryzen 5, 256 GB SSD, Silver"	€519.00
Curries	"13.3"" MacBook Air with Retina Display - 128 GB SSD, Gold (2019)"	€1,179.00
Curries	"Inspiron 14 3482 14"" Laptop - Intel® Pentium®, 128 GB SSD, Black"	€289.00
Curries	"CB514-1H Touch 14"" Intel® Celeron® Chromebook - 32 GB eMMC"	€399.00
Curries	"15-db0521sa 15.6"" AMD A6 Laptop - 1 TB HDD, Grey"	€399.99
Curries	iPhone 11 - 64 GB, Black	€829.00
Curries	iPhone 11 - 128 GB, Black	€879.00
Curries	Galaxy A10 - 32 GB, Black	€169.99
Curries	Pixel 3a - 64 GB, Just Black	€479.00
Curries	iPhone 11 - 64 GB, Purple	€829.00
Curries	iPhone XR - 64 GB, Black	€729.00
Curries	iPhone 11 Pro - 64 GB, Space Grey	€1,179.00
Curries	Galaxy A40 - 64 GB, Black	€259.99
Curries	iPhone 11 - 128 GB, Purple	€879.00
Curries	Galaxy A51 - 128 GB, Black	€399.99
Curries	Pixel 4 - 64 GB, Just Black	€799.00
Curries	iPhone 8 - 64 GB, Space Grey	€539.00
Curries	P Smart (2019) - 64 GB, Aurora Blue	€239.99
Curries	P30 Lite - 128 GB, Blue	€279.99
Curries	iPhone 11 Pro Max - 256 GB, Space Grey	€1,549.00
Curries	Galaxy A71 - 128 GB, Black	€499.99
Curries	iPhone 11 - 128 GB, White	€879.00
Curries	Galaxy A10 - 32 GB, Blue	€169.99
Curries	Pixel 3a - 64 GB, Purple-ish	€479.00
Curries	Pixel 4 - 64 GB, Clearly White	€799.00
Curries	EOS 4000D DSLR Camera with EF-S 18-55 mm f/3.5-5.6 III & EF 75-300 mm f/4-5.6 III Lens	€399.00
Curries	EOS 4000D DSLR Camera with EF-S 18-55 mm f/3.5-5.6 III Lens	€349.00
Curries	D3500 DSLR Camera with AF-P DX NIKKOR 18-55 mm f/3.5-5.6G Lens	€479.00
Curries	D5600 DSLR Camera with DX 18-55 mm f/3.5-5.6G VR Lens	€699.00
Curries	EOS 77D DSLR Camera - Body Only	€779.00
Curries	EOS 90D DSLR Camera - Body Only	€1,499.00
Curries	EOS 4000D DSLR Camera - Body Only	€299.99
Curries	EOS 90D DSLR Camera with EF-S 18-135 mm f/3.5-5.6 IS USM Lens	€1,999.00
Curries	D7500 DSLR Camera - Body Only	€1,689.00
Curries	EOS 7D Mark II DSLR Camera - Body Only	€1,649.99
Curries	EOS 90D DSLR Camera with EF-S 18-55 mm f/3.5-5.6 IS STM Lens	€1,599.00
Curries	D5600 DSLR Camera with DX 18-140 mm f/3.5-5.6G ED VR Lens	€999.99
Curries	D500 DSLR Camera - Body Only	€1,799.00
Curries	D5300 DSLR Camera - Body Only	€529.99
Curries	D3500 DSLR Camera with AF-P DX NIKKOR 18-55 mm f/3.5-5.6G VR & 70-300 mm f/4.5-6.3G ED VR Lens	€579.00
Curries	EOS 200D DSLR Camera with EF-S 18-55 mm f/4-5.6 IS STM Lens - Silver	€649.00
Curries	EOS 800D DSLR Camera with EF-S 18-55 mm f/4-5.6 IS STM Lens	€799.00
Curries	ILCA68K DSLR Camera with 18-55 mm f/3.5-5.6 Lens	€789.00
Curries	EOS 5D Mark IV DSLR Camera - Body Only	€2,999.00
Curries	EOS 77D DSLR Camera with EF-S 18-55 mm f/4-5.6 IS STM Lens	€1,179.00
Curries	LTT68S18 Mini Fridge - Silver	€99.99
Curries	CUL55W19 Undercounter Fridge - White	€149.99
Curries	CUR50W18 Undercounter Fridge - White	€149.99
Curries	CUL55B19 Undercounter Fridge - Black	€139.99
Curries	KIL60W18 Integrated Undercounter Fridge	€169.99
Curries	LX5053W Undercounter Fridge - White	€149.99
Curries	KUL55X18 Undercounter Fridge - Silver Inox	€169.99
Curries	CUR55W19 Undercounter Fridge - White	€149.99
Curries	UL483APW Undercounter Fridge - White	€179.99
Curries	CTL55W18 Tall Fridge - White	€199.99
Curries	CTT50W18 Mini Fridge - White	€79.99
Curries	CUL50W18 Undercounter Fridge - White	€119.99
Curries	RLA36P.1 Undercounter Fridge - White	€229.99
Curries	CWC8B15 Wine Cooler - Black	€69.99
Curries	LX5053S Undercounter Fridge - Silver	€169.99
Curries	LWC34B18 Wine Cooler - Black	€199.99
Curries	CUC50W18 70/30 Fridge Freezer - White	€129.99
Curries	Serie 6 KUR15A50GB Integrated Undercounter Fridge	€449.99
Curries	KTLD60X15 Tall Fridge - Stainless Steel	€529.99
Curries	HTLP130W Undercounter Fridge - White	€169.99
Curries	"LT-40CF890 Fire TV Edition 40"" Smart 4K Ultra HD HDR LED TV with Amazon Alexa"	€299.00
Curries	"49SM8200PLA 49"" Smart 4K Ultra HD HDR LED TV"	€579.00
Curries	"UE50RU7470UXXU 50"" Smart 4K Ultra HD HDR LED TV with Bixby"	€479.00
Curries	"32WL2A63DB 32"" Smart HD Ready LED TV"	€189.00
Curries	"50UM7450PLA 50"" Smart 4K Ultra HD HDR LED TV"	€419.00
Curries	"50U2963DB 50"" Smart 4K Ultra HD HDR LED TV"	€349.00
Curries	"QE55Q70RATXXU 55"" Smart 4K Ultra HD HDR QLED TV with Bixby"	€899.00
Curries	"UE32N5300AKXXU 32"" Smart Full HD LED TV"	€269.00
Curries	"UE50RU7020KXXU 50"" Smart 4K Ultra HD HDR LED TV"	€459.00
Curries	"40/138Q 40"" Smart LED TV"	€379.00
Curries	"UE58RU7100KXXU 58"" Smart 4K Ultra HD HDR LED TV"	€519.00
Curries	"L20HE18 20"" LED TV"	€99.99
Curries	"LT-49C790 49"" Smart LED TV"	€329.00
Curries	"4T-C40BJ5KF2FB 40"" Smart 4K Ultra HD HDR LED TV"	€349.00
Curries	"43UM7450PLA 43"" Smart 4K Ultra HD HDR LED TV"	€379.00
Curries	"UE43RU7470UXXU 43"" Smart 4K Ultra HD HDR LED TV with Bixby"	€449.00
Curries	"L32HE18 32"" LED TV"	€179.99
Curries	"75UM7000PLA 75"" Smart 4K Ultra HD HDR LED TV"	€949.00
Curries	"32LM6300PLA 32"" Smart Full HD HDR LED TV"	€279.00
Curries	"UE43RU7100KXXU 43"" Smart 4K Ultra HD HDR LED TV"	€369.00
DID	"Lenovo AMD A9-9425 15.6"" 8GB/256GB Laptop - Black | V145-81MT002"	€399.99
DID	"Toshiba Satellite Pro 14"" Intel Core i3 4GB/128GB Laptop - Cosmo Silver | R40-C-163"	€100.00
DID	"Lenovo AMD A9-9425 15.6"" 8GB/256GB Laptop - Black | 81MT00015UK"	€349.99
DID	"Lenovo Ideapad AMD A6-9220 Dual core 14"" 4GB/1TB Laptop - Denim Blue | 80XU002YUK"	€80.00
DID	"HP Intel Core i7 8565U 15.6"" 8GB/256GB Laptop - Dark Ash Silver | 6MP37ES"	€399.99
DID	"HP AMD A9-9425 15.6"" 4GB/128GB SSD Laptop - Dark Ash | 8AC00ES"	€100.00
DID	"HP AMD Ryzen 5 2500U 15.6"" 8GB/256GB Laptop | 8AB98ES"	€329.99
DID	"Asus VivoBook S15 Intel Core i5 8265U 15.6"" 8GB/256GB Laptop - Yellow & Grey | S530FA-EJ201T"	€649.99
DID	"Asus VivoBook 15 AMD Ryzen 5-3500U 15.6"" 8GB/256GB Laptop - Grey | X512DA-EJ254T"	€50.00
DID	"Asus VivoBook Intel Core I5-8265U 15.6"" 8GB/256GB Laptop - Grey | X509FA-EJ077T"	€399.99
DID	"Asus VivoBook 15 Intel Core i3 7020U 15.6"" 4GB/256GB Laptop - Grey | X509UA-EJ064T"	€50.00
DID	"Lenovo Ideapad S145 AMD Athlon  300U 14"" 4GB/128GB Laptop - Granite Black | 81UV0000UK"	€519.99
DID	"HP AMD Ryzen 3 2200U 15.6"" 8GB/256GB Laptop - Black | 8AB99ES"	€80.00
DID	"Lenovo Ideapad S145-14API AMD Ryzen 3 3200U 14"" 4GB/128GB Laptop - Granite Black | 81UV0002UK"	€649.99
DID	"Lenovo Ideapad S130 14"" Intel Celeron 4GB/64GB Laptop - Mineral Grey | 81J20076UK"	€649.99
DID	"Asus VivoBook 14"" Intel Celeron N4000 4GB/64GB Laptop - Grey | E406MA-BV009T"	€649.99
DID	"Microsoft Surface Go Intel Pentium 4415Y 10"" 8GB/128GB Laptop - Silver | JTW-00002"	€499.99
DID	"Asus TUF AMD Ryzen 5 3550H 15.6"" 8GB/256GB Gaming Laptop - Stealth Black | FX505DTAL-PKM"	€329.99
DID	"Asus TUF AMD Ryzen 5 3550H 17.3"" 8GB/512GB Gaming Laptop - Stealth Black | FX705DTAU-PKM"	€439.99
DID	"Asus ROG Strix Intel Core i5-9300H 15.6"" 8GB/512GB Gaming Laptop - Black | G531GTAL-PKH"	€60.00
DID	"Asus ROG Strix Intel Core i5-9300H 15.6"" 8GB/512GB Gaming Laptop - Black | G531GUAL-PKH"	€369.99
DID	"Asus ROG Strix Scar II Intel Core i7-8750H 17.3"" 16GB/256GB Gaming Laptop - Black | GL704GM-EV00"	€289.99
DID	"Microsoft Intel Core i5 13.5"" 8GB/128GB Surface Laptop - Platinum | VGY-00003"	€299.99
DID	"Asus VivoBook S15 Intel Core i5 8265U 15.6"" 8GB/256GB Laptop - Red & Grey | S530FA-EJ101T"	€619.99
DID	"Apple MacBook Air Intel Core i5 13.3"" 128GB 8GB RAM Laptop - Space Grey | MVFH2B/A"	€999.99
DID	"Apple MacBook Air Intel Core i5 13.3"" 256GB RAM Laptop - Silver | MVFL2B/A"	€1,099.99
DID	"Apple Macbook Pro Intel Core i5 13"" 8GB/128GB Laptop - Silver | MUHQ2B/A"	€1,199.99
DID	"Apple MacBook Air Intel Core i5 13.3"" 128GB 8GB RAM Laptop - Silver | MVFK2B/A"	€1,499.99
DID	"Apple MacBook Air Intel Core i5 13.3"" 256GB RAM Laptop - Gold | MVFN2B/A"	€1,999.99
DID	"Clearance/Ex-Display HP Intel Core i3 6006U 14"" 4GB/128GB Laptop - White | 14-BS032NA"	€1,169.99
DID	"Apple Macbook Pro Intel Core i5 13"" 8GB/256GB Laptop - Sliver | MUHR2B/A"	€649.99
DID	"Apple MacBook Air Intel Core i5 13.3"" 128GB RAM Laptop - Gold | MVFM2B/A"	€1,279.99
DID	"Apple Macbook Pro Intel Core i5 13"" 8GB/128GB Laptop - Space Grey | MUHN2B/A"	€1,529.99
DID	"Clearance/Ex-Display Lenovo V145 AMD A9-9425 Dual-Core 15.6"" 8GB/256GB Laptop - Black | 81MT0015UK"	€1,549.99
DID	"Apple MacBook Air Intel Core i5 13.3"" 256GB RAM Laptop - Space Grey | MVFJ2B/A"	€1,279.99
DID	"Apple Macbook Pro Intel Core i5 13"" 8GB/256GB Laptop - Space Grey | MUHP2B/A"	€1,529.99
DID	"Clearance/Ex-Display Asus VivoBook Intel Celeron N3000 14"" 4GB/64GB Laptop - Star Grey | E406SA-BV227T"	€399.99
DID	"Apple MacBook Air Intel Core i5 13"" 8GB/256GB Laptop - Space Grey | MRE92B/A"	€180.00
DID	"Apple MacBook Pro Intel Core i5 13"" 8GB/256GB Laptop with Touch Bar - Silver | MV992B/A"	€1,799.99
DID	"Lenovo Legion Intel Core i5-8300H 15.6"" 8GB/1TB Gaming Laptop - Black | 81FV00H7UK"	€1,279.99
DID	"Microsoft Surface Go Intel Pentium 4415Y 10"" 4GB/64GB Laptop - Silver | MHN-00002"	€1,359.99
DID	"Apple Macbook Pro Intel Core i5 13"" 8GB/256GB Laptop - Silver | MPXX2B/A"	€489.99
DID	"Apple MacBook Air Intel Core i5 13"" 8GB/256GB Laptop - Silver | MREC2B/A"	€10.00
DID	"Microsoft Surface Intel Core i5 13.5"" 8GB/256GB Laptop - Platinum | DAG-00009"	€1,529.99
DID	"Apple MacBook Air Intel Core i5 13"" 8GB/128GB Laptop - Space Grey | MRE82B/A"	€1,799.99
DID	"Apple MacBook Pro Intel Core i5 13"" 8GB/512GB Laptop with Touch Bar - Silver | MV9A2B/A"	€279.99
DID	"Microsoft Surface Intel Core i7 13.5"" 16GB/512GB Laptop - Platinum | LQS-00003"	€20.00
DID	"Apple MacBook Pro Intel Core i9 15"" 16GB/512GB Laptop with Touch Bar - Silver | MV932B/A"	€1,629.99
Curries	Samsung Galaxy S20 128GB Grey | SM-G980FZADEU	€929.99
Curries	Samsung Galaxy S20 (5G) 128GB Grey | SM-G981BZADEU	€1,029.99
Curries	Samsung Galaxy S20 Plus (5G) 128GB Grey | SM-G986BZADEU	€1,129.99
Curries	Samsung Galaxy S20 Plus (5G) 128GB Black | SM-G986BZKDEU	€1,129.99
Curries	Samsung Galaxy S20 Ultra (5G) 128GB Grey | SM-G988BZADEU	€1,379.99
Curries	Samsung Galaxy S20 Ultra (5G) 128GB Black | SM-G988BZKDEU	€1,379.99
Curries	Samsung Galaxy Note 9 128GB Smartphone - Ocean Blue | SM-N960FZBABT	€1,019.99
Curries	Samsung Galaxy S10 128GB Black | SM-G973FZKDBT	€819.99
Curries	Samsung Galaxy S10 128GB White | SM-G973FZWDBT	€100.00
Curries	Samsung Galaxy Note 10 256GB Smartphone Black | SM-N970FZKDBT	€819.99
Curries	Samsung Galaxy Note 10 256GB Smartphone Aura Glow | SM-N970FZSDBT	€100.00
Curries	Samsung Galaxy Note 10+ 256GB Smartphone Black | SM-N975FZKDBT	€969.99
Curries	Samsung Galaxy Note 10+ 256GB Smartphone Aura Glow | SM-N975FZSDBT	€969.99
Curries	Apple iPhone 11 Pro 512GB Smartphone - Gold | MWCF2B/A	€1,119.99
Curries	Apple iPhone 8 128GB Smartphone - Space Grey | MX162B/A	€1,119.99
Curries	Apple iPhone 11 Pro 512GB Smartphone - Midnight Green| MWCG2B/A	€1,579.99
Curries	Apple iPhone 11 Pro Max 512GB Smartphone - Space Grey | MWHN2B/A	€599.99
Curries	Apple iPhone 8 128GB Smartphone - Gold | MX182B/A	€1,579.99
Curries	Apple iPhone 11 Pro Max 512GB Smartphone - Silver | MWHP2B/A	€1,679.99
Curries	Apple iPhone 8 Plus 128GB Smartphone - Space Grey | MX242B/A	€599.99
Curries	Apple iPhone 8 Plus128GB Smartphone - Silver | MX252B/A	€1,679.99
Curries	Apple iPhone 11 Pro Max 512GB Smartphone - Gold | MWHQ2B/A	€719.99
Curries	Apple iPhone 11 Pro Max 512GB Smartphone - Midnight Green | MWHR2B/A	€719.99
Curries	Apple iPhone 8 Plus 128GB Smartphone - Gold | MX262B/A	€1,679.99
Curries	Apple iPhone 8 128GB Smartphone - Silver | MX172B/A	€1,679.99
Curries	Apple iPhone 11 64GB Smartphone - Black | MWLT2B/A	€719.99
Curries	Apple iPhone 11 64GB Smartphone - White | MWLU2B/A	€599.99
Curries	Apple iPhone 11 64GB Smartphone - Red | MWLV2B/A	€829.99
Curries	Apple iPhone 11 64GB Smartphone - Yellow | MWLW2B/A	€829.99
Curries	Apple iPhone 11 256GB Smartphone - Black | MWM72B/A	€829.99
Curries	Apple iPhone 11 128GB Smartphone - Black | MWM02B/A	€829.99
Curries	Apple iPhone 11 128GB Smartphone - White | MWM22B/A	€999.99
Curries	Apple iPhone 11 256GB Smartphone - White | MWM82B/A	€879.99
Curries	Apple iPhone 11 256GB Smartphone - Red | MWM92B/A	€879.99
Curries	Apple iPhone 11 256GB Smartphone - Yellow | MWMA2B/A	€999.99
Curries	Apple iPhone 11 128GB Smartphone - Red | MWM32B/A	€999.99
Curries	Apple iPhone 11 128GB Smartphone - Yellow | MWM42B/A	€999.99
Curries	Apple iPhone 11 128GB Smartphone - Purple | MWM52B/A	€879.99
Curries	Apple iPhone 11 256GB Smartphone - Green | MWMD2B/A	€879.99
Curries	Apple iPhone 11 128GB Smartphone - Green | MWM62B/A	€879.99
Curries	Apple iPhone 11 256GB Smartphone - Purple | MWMC2B/A	€999.99
Curries	Apple iPhone 11 Pro 64GB Smartphone - Space Grey | MWC22B/A	€879.99
Curries	Apple iPhone 11 Pro 64GB Smartphone - Silver | MWC32B/A	€999.99
Curries	Apple iPhone 11 Pro 64GB Smartphone - Gold | MWC52B/A	€1,179.99
Curries	Apple iPhone 11 Pro 64GB Smartphone - Midnight Green | MWC62B/A	€1,179.99
Curries	Apple iPhone 11 Pro 256GB Smartphone - Space Grey | MWC72B/A	€1,179.99
Curries	Apple iPhone 11 Pro 256GB Smartphone - Silver | MWC82B/A	€1,179.99
Curries	Apple iPhone 11 Pro 256GB Smartphone - Gold | MWC92B/A	€1,349.99
Curries	Fujifilm Instax Mini 9 Instant Camera with 10 Shots - Ice Blue | INSTAXMINI9IB	€79.99
Curries	Fujifilm Instax Mini Liplay Instant Camera - Stone White | 16631758	€170.00
Curries	Fujifilm Instax Mini Liplay Instant Camera - Elegant Black | 16631801	€170.00
Curries	Fujifilm Instax Mini Liplay Instant Camera - Blush Gold | 16631849	€170.00
Curries	Fujifilm FinePix Compact Camera - Lime | XP140LIME	€159.99
Curries	Fujifilm FinePix Compact Camera - Yellow | XP140YELLOW	€159.99
Curries	Fujifilm FinePix Compact Camera - Graphite | XP140GRAPHITE	€159.99
Curries	Canon EOS 2000D DSLR Camera - Black | 2728C006AA	€469.99
Curries	Canon EOS 4000D DSLR Camera - Black | 3011C006AA	€329.99
Curries	DJI Osmo 1080p Action Camera - Grey & Black | OS.00000020	€379.99
Curries	Canon EOS M100 Mirrorless Camera - Black | 2209C043AA	€329.99
Curries	Canon Shoulder Bag - Blue | 1352C002	€34.99
Curries	Sony Alpha E-Mount Camera - Black | ILCE5100	€469.99
Curries	Sony Cybershot Bridge Camera - Black | DSCHX350	€349.99
Curries	Canon PowerShot SX620 HS Digital Camera - Black | 1072C013AA	€189.99
Curries	Canon PowerShot SX620 HS Digital Camera - Red | 1073C014AA	€189.99
Curries	Canon IXUS 185 Digital Camera - Black | 1803C009	€99.99
Curries	Canon IXUS 185 Digital Camera - Silver | 1806C009	€99.99
Curries	Sony Cybershot Compact Digital Camera - Black | DSCHX60B.CEH	€389.99
Curries	Sony W800 20.1MP Compact Digital Camera - Silver | DSCW800S.CEH	€99.99
Curries	Fujifilm Instax Mini 9 Instant Camera with 10 Shots - White| INSTAXMINI9SW	€79.99
Curries	Canon Compact Digital Camera - Purple | 1082C006	€199.99
Curries	Canon PowerShot SX740 HS Camera - Black | 2955C011	€394.99
Curries	Fujifilm Instax Mini 9 Instant Camera with 10 Shots - Flamingo Pink | INSTAXMINI9FP	€79.99
Curries	Fujifilm Instax Mini 70 Instant Camera with 10 Shots - White | INSTAXMINI70W	€109.99
Curries	Go Xtreme Enduro 1080p Action Camera - Black | 20148	€30.00
Curries	Clearance/Ex-Display Sony W800 20.1MP Digital Compact Camera - Black | DSCW800B.CEH	€129.99
Curries	Clearance/Ex-Display Polaroid Snap Touch 13MP Instant Digital Camera - Black | 1300.130.1	€99.99
Curries	Clearance/Ex-Display Panox Champion Action Camera - Yellow | 556103	€15.00
Curries	Clearance/Ex-Display Nextbase 212 Lite Dash Cam Deluxe Bundle - Black | NB212DB	€199.99
Euronics	"HP 14"" Core i5 Silver Laptop | 14-CK0028NA"	€579.00
Euronics	"Asus 15.6"" Ryzen R5 Laptop | X512DA-EJ254T"	€579.00
Euronics	"HP 14"" Core i5 Gold Laptop | 14-CK0029NA"	€649.00
Euronics	Asus ROG Strix Core i5 Gaming Laptop | G531GTAL-PKHST	€649.00
Euronics	Lenovo IdeaPad Core i3 Laptop | 81MU003VUK	€579.00
Euronics	"Asus 14"" Core i7 Zenbook | UX433FA-A6076T"	€579.00
Euronics	Asus 14” Chromebook | C423NA-BV0078	€1,099.00
Euronics	"Asus ROG 17.3"" Strix Scar II Gaming Laptop | GL704GM-EV001T"	€1,099.00
Euronics	Asus ROG Strix Core i5 Gaming Laptop | G531GUAL-PK19	€399.00
Euronics	Asus ROG Strix Core i7 Gaming Laptop | G531GVES-PK19	€399.00
Euronics	"Asus TUF 15.6"" Ryzen R5 Gaming Laptop | FX505DT"	€899.00
Euronics	"Asus TUF 17.3"" Ryzen 5 Gaming Laptop | FX705DTAU"	€899.00
Euronics	Samsung Galaxy S10 Smartphone | White	€799.00
Euronics	Samsung Galaxy S10 Smartphone | Black	€799.00
Euronics	Samsung Galaxy S10 Smartphone | Green	€799.00
Euronics	Samsung Galaxy A20e Smartphone | Black	€799.00
Euronics	Huawei Mate 20 Lite Smartphone	€799.00
Euronics	Alcatel 1 Smartphone	€799.00
Euronics	iPhone 6S 16GB Grade A | Space Grey	€189.00
Euronics	Nokia 4G 8110 Mobile Phone | Black	€189.00
Euronics	Samsung Galaxy A40 Smartphone | Blue	€249.00
Euronics	Samsung Galaxy A50 Smartphone | Black	€249.00
Euronics	Samsung Galaxy A50 Smartphone | White	€89.00
Euronics	Samsung Galaxy A51 Smartphone	€89.00
Euronics	"LG 55"" NanoCell 4K TV | 55SM8200PLA"	€719.00
Euronics	"LG 32"" Smart TV | 32LM6300PLA"	€719.00
Euronics	"Sony 49"" 4K Android Smart TV | KD49XG8196"	€259.00
Euronics	"Sony 55"" OLED TV | KD55AG8BU"	€259.00
Euronics	"Sony 55"" 4K Android Smart TV | KD55XG8196"	€669.00
Euronics	"LG 49"" NanoCell 4K TV | 49SM8200PLA"	€669.00
Euronics	"LG 75"" Ultra HD Smart TV | 75UM7110PLB"	€1,699.00
Euronics	"Sony 65"" OLED TV | KD65AG8BU"	€1,699.00
Euronics	"Sony 55"" 4K HDR Smart TV | KD55XG7093BU"	€729.00
Euronics	"LG 43"" UHD 4K TV | 43UM7450PLA"	€729.00
Euronics	"LG 50"" UHD 4K TV | 50UM7450PLA"	€579.00
Euronics	"LG 65"" OLED 4K TV | OLED65B9PLA"	€579.00